engineer_id,month,closed_cases,survey_invites,survey_responses,satisfied_responses,open_cases,aged_open_cases,high_severity_open_cases,quality_reviews,quality_points,kb_created,kb_updated,kb_reviewed
E01,2026-04,65,65,15,11,15,3,1,5,448,4,0,4
E02,2026-04,52,52,13,9,15,0,4,4,350,4,3,1
E03,2026-04,53,53,30,23,13,6,2,3,228,2,0,0
E04,2026-04,49,49,15,12,27,4,0,5,436,3,0,4
E05,2026-04,43,43,23,20,10,0,1,8,671,2,3,2
E06,2026-04,35,35,23,18,16,1,4,8,663,2,5,4
E07,2026-04,39,39,22,21,15,0,2,3,232,1,4,2
E08,2026-04,38,38,3,3,23,6,3,8,648,4,3,4
E01,2026-05,50,50,23,18,24,7,0,4,335,1,5,1
E02,2026-05,52,52,14,11,22,4,4,7,615,4,2,2
E03,2026-05,32,32,21,17,8,4,4,6,524,2,5,4
E04,2026-05,63,63,18,13,25,0,4,4,308,2,2,1
E05,2026-05,28,28,19,18,10,7,0,3,275,1,1,3
E06,2026-05,60,60,17,13,21,3,4,7,608,2,3,4
E07,2026-05,53,53,15,12,18,0,4,3,252,1,0,0
E08,2026-05,65,65,3,3,15,1,0,3,249,4,1,2
E01,2026-06,56,56,18,15,26,7,1,8,671,3,2,3
E02,2026-06,51,51,26,24,28,1,0,3,255,0,1,1
E03,2026-06,37,37,29,24,13,4,3,6,524,4,0,0
E04,2026-06,59,59,12,12,13,6,3,4,340,0,1,3
E05,2026-06,25,25,18,14,17,6,4,6,497,1,0,4
E06,2026-06,59,59,13,12,9,7,4,3,282,1,0,4
E07,2026-06,30,30,17,12,15,6,0,3,286,1,4,4
E08,2026-06,27,27,3,3,10,6,4,7,598,2,1,2
E01,2026-07,50,50,16,14,22,5,0,5,404,0,4,1
E02,2026-07,57,57,20,15,10,3,2,5,421,2,4,4
E03,2026-07,25,25,22,20,11,2,2,5,424,1,2,2
E04,2026-07,63,63,18,16,28,4,4,4,360,0,0,3
E05,2026-07,42,42,13,9,28,4,1,4,356,3,4,0
E06,2026-07,32,32,14,14,12,0,2,8,637,0,2,1
E07,2026-07,40,40,15,12,21,2,1,7,618,0,1,2
E08,2026-07,51,51,3,3,15,4,1,8,692,1,1,3
E01,2026-08,47,47,21,20,15,0,1,4,337,0,2,2
E02,2026-08,57,57,24,21,18,0,0,7,588,0,4,3
E03,2026-08,47,47,22,18,11,6,4,7,556,4,5,1
E04,2026-08,48,48,25,18,18,5,0,8,689,3,5,2
E05,2026-08,60,60,16,12,20,2,4,8,660,1,3,4
E06,2026-08,63,63,22,18,14,7,1,6,509,4,2,0
E07,2026-08,40,40,21,16,12,0,0,4,348,0,3,3
E08,2026-08,65,65,3,3,14,6,3,7,583,0,3,1
E01,2026-09,36,36,28,23,15,1,3,7,606,2,3,4
E02,2026-09,57,57,25,23,22,2,3,7,597,4,3,1
E03,2026-09,42,42,26,19,15,4,2,5,411,1,1,3
E04,2026-09,34,34,18,13,18,7,3,6,506,4,5,0
E05,2026-09,61,61,24,20,17,6,3,5,455,4,1,3
E06,2026-09,39,39,20,16,20,5,3,3,264,3,1,4
E07,2026-09,59,59,12,11,26,0,0,7,574,2,3,2
E08,2026-09,38,38,3,3,18,5,3,6,529,0,3,0
